customer_id,max_days_in_arrears
C002,8
C004,6
C008,6
C017,6
C020,6
C018,5
C023,5
C025,5
C001,4
C005,4
C010,4
C019,4
C021,4
C024,4
C026,4
C029,4
C003,3
C007,3
C009,3
C012,3
C015,3
C016,3
C027,3
C028,3
C030,3
C011,2
C013,2
C014,2
C022,2
C006,1
